Task #,REL1,REL2,IRR1,IRR2
2,1.0,0.916666666667,0.958333333333,1.0
3,1.0,0.708333333333,0.833333333333,0.791666666667
4,0.958333333333,0.958333333333,0.958333333333,1.0
5,0.958333333333,0.958333333333,0.958333333333,0.916666666667
